mean,CVE_LOC,CVE_MUN,CVE_ENT,CVEGEO,CVE_AGEB,system:index
0.11275867808986155,0001,001,06,0600100010081,0081,00000000000000000000
0.1127575883672143,0001,001,06,060010001019A,019A,00000000000000000001
0.1127610132098198,0001,001,06,0600100010359,0359,00000000000000000002
0.1127610132098198,0001,001,06,0600100010151,0151,00000000000000000003
0.1125318549278663,0001,001,06,0600100010166,0166,00000000000000000004
0.11274103496128791,0001,001,06,0600100010202,0202,00000000000000000005
0.11265440559911591,0001,001,06,0600100010217,0217,00000000000000000006
0.11260355570829587,0001,001,06,0600100010255,0255,00000000000000000007
0.11275114055015414,0001,001,06,060010001026A,026A,00000000000000000008
0.1127610132098198,0001,001,06,0600100010344,0344,00000000000000000009
0.1127610132098198,0001,001,06,0600100010274,0274,0000000000000000000a
0.1127610132098198,0001,001,06,0600100010363,0363,0000000000000000000b
0.11259776605715441,0001,001,06,0600100010378,0378,0000000000000000000c
0.11274380971802844,0001,001,06,0600100010382,0382,0000000000000000000d
0.1127610132098198,0001,001,06,0600100010397,0397,00000000000000000010
0.1127610132098198,0001,001,06,060010001040A,040A,00000000000000000011
0.1127397156863018,0001,001,06,0600100010109,0109,00000000000000000012
0.1127610132098198,0001,001,06,0600100010147,0147,00000000000000000013
0.1127610132098198,0007,001,06,0600100070240,0240,0000000000000000000e
0.1127610132098198,0007,001,06,0600100070236,0236,00000000000000000014
0.1127610132098198,0007,001,06,0600100070221,0221,00000000000000000015
0.11246994137763977,0035,001,06,060010035033A,033A,0000000000000000000f
0.11246994137763977,0035,001,06,0600100350325,0325,00000000000000000016
0.11233451217412949,0001,002,06,060020001134A,134A,00000000000000000017
0.11116781830787659,0001,002,06,0600200011640,1640,00000000000000000018
0.11145933446609403,0001,002,06,0600200011316,1316,00000000000000000019
0.11159050751372109,0001,002,06,0600200011320,1320,0000000000000000001a
0.11233331517549675,0001,002,06,0600200011373,1373,0000000000000000001b
0.11122272470848128,0001,002,06,060020001159A,159A,0000000000000000001c
0.11186933539445093,0001,002,06,0600200011617,1617,0000000000000000001d
0.11229464053327683,0001,002,06,0600200011621,1621,0000000000000000001e
0.11116781830787659,0001,002,06,0600200010676,0676,0000000000000000001f
0.11116781830787659,0001,002,06,0600200010727,0727,00000000000000000020
0.11233451217412949,0001,002,06,0600200011000,1000,00000000000000000021
0.1113887776053381,0001,002,06,0600200010977,0977,00000000000000000022
0.11157845382571187,0001,002,06,0600200011091,1091,00000000000000000023
0.11117455902763876,0001,002,06,0600200011142,1142,00000000000000000024
0.11233451217412949,0001,002,06,0600200011195,1195,00000000000000000025
0.11233451217412949,0001,002,06,0600200011208,1208,00000000000000000026
0.11161648449097755,0001,002,06,0600200011388,1388,00000000000000000027
0.11116781830787659,0001,002,06,0600200010411,0411,00000000000000000028
0.11233451217412949,0001,002,06,0600200010464,0464,00000000000000000029
0.11144931439133204,0001,002,06,0600200011496,1496,0000000000000000002a
0.11233451217412949,0001,002,06,0600200010479,0479,0000000000000000002b
0.11224284167203884,0001,002,06,0600200010483,0483,0000000000000000002c
0.11116781830787659,0001,002,06,0600200011481,1481,0000000000000000002d
0.11233451217412949,0001,002,06,0600200010996,0996,0000000000000000002e
0.11201139565600132,0001,002,06,0600200010568,0568,0000000000000000002f
0.11125472272531763,0001,002,06,0600200010619,0619,00000000000000000030
0.11116781830787659,0001,002,06,0600200011693,1693,00000000000000000031
0.11150283158457223,0001,002,06,0600200011104,1104,00000000000000000032
0.11116781830787659,0001,002,06,0600200011068,1068,00000000000000000033
0.11178619414567947,0001,002,06,0600200011706,1706,00000000000000000034
0.11233451217412949,0001,002,06,0600200011689,1689,00000000000000000035
0.11116781830787659,0001,002,06,0600200010708,0708,00000000000000000036
0.11117320479861821,0001,002,06,0600200011458,1458,00000000000000000037
0.11116781830787659,0001,002,06,0600200011570,1570,00000000000000000038
0.1115471917087136,0001,002,06,0600200011585,1585,00000000000000000039
0.11118276495343916,0001,002,06,0600200010290,0290,0000000000000000003a
0.11116781830787659,0001,002,06,0600200010318,0318,0000000000000000003b
0.11116781830787659,0001,002,06,0600200010337,0337,0000000000000000003c
0.11197627429533523,0001,002,06,0600200010407,0407,0000000000000000003d
0.11233451217412949,0001,002,06,060020001052A,052A,0000000000000000003e
0.11116781830787659,0001,002,06,0600200010680,0680,0000000000000000003f
0.11116781830787659,0001,002,06,0600200010712,0712,00000000000000000040
0.11116781830787659,0001,002,06,0600200010746,0746,00000000000000000041
0.11118887886932928,0001,002,06,0600200010750,0750,00000000000000000042
0.11158812908408279,0001,002,06,0600200010765,0765,00000000000000000043
0.11148591280059053,0001,002,06,0600200010816,0816,00000000000000000044
0.11154149202832064,0001,002,06,0600200011087,1087,00000000000000000045
0.11116900978969964,0001,002,06,0600200011123,1123,00000000000000000046
0.11135097363688647,0001,002,06,0600200011157,1157,00000000000000000047
0.11116781830787659,0001,002,06,0600200011227,1227,00000000000000000048
0.11233451217412949,0001,002,06,0600200011231,1231,00000000000000000049
0.11233451217412949,0001,002,06,0600200011250,1250,0000000000000000004a
0.11226470642927433,0001,002,06,0600200011246,1246,0000000000000000004b
0.11116781830787659,0001,002,06,0600200011265,1265,0000000000000000004c
0.11116781830787659,0001,002,06,060020001127A,127A,0000000000000000004d
0.1122247314322548,0001,002,06,0600200011284,1284,0000000000000000004e
0.11118098492525824,0001,002,06,0600200011161,1161,0000000000000000004f
0.11232151026497637,0001,002,06,0600200010549,0549,00000000000000000050
0.11169197877124637,0001,002,06,0600200010572,0572,00000000000000000051
0.11233451217412949,0001,002,06,0600200011551,1551,00000000000000000052
0.11154614414552258,0001,002,06,0600200010801,0801,00000000000000000053
0.11116781830787659,0001,002,06,0600200010820,0820,00000000000000000054
0.11116781830787659,0001,002,06,0600200010835,0835,00000000000000000055
0.11203537003169754,0001,002,06,060020001084A,084A,00000000000000000056
0.1120801439390429,0001,002,06,0600200010854,0854,00000000000000000057
0.11174876707498294,0001,002,06,0600200010869,0869,00000000000000000058
0.11169824979088672,0001,002,06,0600200010873,0873,00000000000000000059
0.11122813130089866,0001,002,06,0600200010888,0888,0000000000000000005a
0.11147049140408306,0001,002,06,0600200010892,0892,0000000000000000005b
0.11116781830787659,0001,002,06,060020001091A,091A,0000000000000000005c
0.11116781830787659,0001,002,06,0600200010924,0924,0000000000000000005d
0.1121913911231496,0001,002,06,0600200010943,0943,0000000000000000005e
0.11222499844632866,0001,002,06,0600200010958,0958,0000000000000000005f
0.11230306172247087,0001,002,06,0600200010962,0962,00000000000000000060
0.11233451217412949,0001,002,06,0600200011015,1015,00000000000000000061
0.11233423217444932,0001,002,06,060020001102A,102A,00000000000000000062
0.11187216475540912,0001,002,06,0600200011299,1299,00000000000000000063
0.1122292268791732,0001,002,06,0600200011354,1354,00000000000000000064
0.11138606700666757,0001,002,06,0600200011439,1439,00000000000000000065
0.1111791041039282,0001,002,06,0600200011462,1462,00000000000000000066
0.11116781830787659,0001,002,06,0600200010322,0322,00000000000000000067
0.1111929657419984,0001,002,06,0600200010021,0021,00000000000000000068
0.11221527520928545,0001,002,06,0600200010534,0534,00000000000000000069
0.11116833565539738,0001,002,06,060020001077A,077A,0000000000000000006a
0.11155224545046322,0001,002,06,0600200010939,0939,0000000000000000006b
0.11116781830787659,0001,002,06,0600200010981,0981,0000000000000000006c
0.11178619414567947,0001,002,06,0600200011547,1547,0000000000000000006d
0.11124509272075343,0001,002,06,0600200011405,1405,0000000000000000006e
0.11117804529364989,0001,002,06,0600200010341,0341,0000000000000000006f
0.11233451217412949,0001,002,06,0600200011212,1212,00000000000000000070
0.11129259452135074,0001,002,06,0600200010356,0356,00000000000000000071
0.11223782646673434,0001,002,06,060020001141A,141A,00000000000000000072
0.11179403479245972,0001,002,06,0600200010394,0394,00000000000000000073
0.11129059851449014,0001,002,06,0600200011509,1509,00000000000000000074
0.11233451217412949,0001,002,06,0600200011335,1335,00000000000000000075
0.11233451217412949,0001,002,06,0600200011392,1392,00000000000000000076
0.11116781830787659,0001,002,06,0600200011513,1513,00000000000000000077
0.11116781830787659,0001,002,06,0600200011528,1528,00000000000000000078
0.11116781830787659,0001,002,06,0600200011301,1301,00000000000000000079
0.11116781830787659,0001,002,06,0600200011053,1053,0000000000000000007a
0.11116781830787659,0001,002,06,0600200011072,1072,0000000000000000007b
0.11116781830787659,0001,002,06,0600200010731,0731,0000000000000000007c
0.11226035207783921,0001,002,06,0600200010784,0784,0000000000000000007d
0.11195199821856215,0001,002,06,0600200010799,0799,0000000000000000007e
0.11160272359848022,0001,002,06,0600200010638,0638,0000000000000000007f
0.11116781830787659,0001,002,06,060020001166A,166A,00000000000000000080
0.11219470106048283,0001,002,06,0600200011566,1566,00000000000000000081
0.11131482274267557,0001,002,06,0600200011602,1602,00000000000000000082
0.11116781830787659,0001,002,06,0600200011176,1176,00000000000000000083
0.1116239085403323,0001,002,06,0600200011532,1532,00000000000000000084
0.11226473680263731,0001,002,06,0600200011636,1636,00000000000000000085
0.11232954684646773,0001,002,06,0600200011369,1369,00000000000000000086
0.11233451217412949,0001,002,06,0600200011424,1424,00000000000000000087
0.11155675180619223,0001,002,06,0600200011477,1477,00000000000000000088
0.11176492528944275,0001,002,06,0600200010623,0623,00000000000000000089
0.11158901535172477,0001,002,06,0600200011674,1674,0000000000000000008a
0.11173868396901397,0001,002,06,0600200011710,1710,0000000000000000008b
0.11116781830787659,0001,002,06,0600200010074,0074,0000000000000000008c
0.11116825883922136,0001,002,06,0600200011655,1655,0000000000000000008d
0.11116781830787659,0001,002,06,060020001006A,006A,0000000000000000008e
0.11156883835792542,0001,003,06,0600300010141,0141,0000000000000000008f
0.11156883835792542,0001,003,06,060030001018A,018A,00000000000000000090
0.11156883835792542,0001,003,06,0600300010175,0175,00000000000000000091
0.11156883835792542,0001,003,06,0600300010048,0048,00000000000000000092
0.11156883835792542,0001,003,06,0600300010090,0090,00000000000000000093
0.11156883835792542,0001,003,06,0600300010137,0137,00000000000000000094
0.11156883835792542,0001,003,06,0600300010156,0156,00000000000000000095
0.11156883835792542,0001,003,06,0600300010194,0194,00000000000000000097
0.11156883835792542,0001,003,06,0600300010118,0118,00000000000000000098
0.11156883835792542,0001,003,06,0600300010160,0160,0000000000000000009a
0.11156883835792542,0001,003,06,0600300010103,0103,0000000000000000009b
0.11156883835792542,0001,003,06,0600300010067,0067,0000000000000000009c
0.11156883835792542,0001,003,06,0600300010122,0122,0000000000000000009d
0.11156883835792542,0001,003,06,0600300010207,0207,0000000000000000009e
0.11156883835792542,0001,003,06,0600300010052,0052,0000000000000000009f
0.11155344310569902,0035,003,06,0600300350071,0071,00000000000000000096
0.11163952828766821,0035,003,06,0600300350086,0086,00000000000000000099
0.11155395383316848,0001,004,06,0600400010100,0100,000000000000000000a0
0.11159112134027847,0001,004,06,0600400010187,0187,000000000000000000a1
0.11160272359848022,0001,004,06,0600400010242,0242,000000000000000000a2
0.11149126227253513,0001,004,06,0600400010083,0083,000000000000000000a3
0.11130480927088063,0001,004,06,0600400010238,0238,000000000000000000a4
0.11160272359848022,0001,004,06,0600400010257,0257,000000000000000000a5
0.11160272359848022,0001,004,06,0600400010172,0172,000000000000000000a6
0.1113952555693939,0001,004,06,0600400010153,0153,000000000000000000a9
0.11160178822262519,0001,004,06,0600400010191,0191,000000000000000000ab
0.11237452924251556,0015,004,06,0600400150223,0223,000000000000000000a7
0.11237452924251556,0015,004,06,0600400150204,0204,000000000000000000a8
0.11237452924251556,0015,004,06,0600400150219,0219,000000000000000000aa
0.11183896660804749,0001,005,06,0600500010343,0343,000000000000000000ad
0.11183896660804749,0001,005,06,0600500010235,0235,000000000000000000ae
0.11188236345923544,0001,005,06,0600500010339,0339,000000000000000000b0
0.11183896660804749,0001,005,06,0600500010305,0305,000000000000000000b1
0.11183896660804749,0001,005,06,0600500010108,0108,000000000000000000b2
0.11183896660804749,0001,005,06,0600500010112,0112,000000000000000000b3
0.11183896660804749,0001,005,06,0600500010150,0150,000000000000000000b4
0.11183910361975252,0001,005,06,0600500010184,0184,000000000000000000b5
0.11183896660804749,0001,005,06,0600500010220,0220,000000000000000000b6
0.11183896660804749,0001,005,06,060050001024A,024A,000000000000000000b7
0.11183962312246754,0001,005,06,0600500010288,0288,000000000000000000b8
0.11183896660804749,0001,005,06,0600500010292,0292,000000000000000000b9
0.11183896660804749,0001,005,06,0600500010324,0324,000000000000000000c0
0.11183896660804749,0001,005,06,0600500010254,0254,000000000000000000c1
0.11183896660804749,0001,005,06,060050001031A,031A,000000000000000000c2
0.11224570125341415,0018,005,06,0600500180038,0038,000000000000000000ba
0.11224570125341415,0018,005,06,0600500180131,0131,000000000000000000bb
0.11224570125341415,0018,005,06,060050018017A,017A,000000000000000000bc
0.11224570125341415,0018,005,06,0600500180216,0216,000000000000000000bd
0.11224570125341415,0018,005,06,0600500180080,0080,000000000000000000c3
0.11224570125341415,0018,005,06,0600500180095,0095,000000000000000000c4
0.11178619414567947,0023,005,06,0600500230273,0273,000000000000000000ac
0.11178619414567947,0023,005,06,0600500230269,0269,000000000000000000af
0.11178619414567947,0023,005,06,0600500230199,0199,000000000000000000be
0.11178619414567947,0023,005,06,0600500230201,0201,000000000000000000bf
0.11163542419672012,0001,006,06,0600600010069,0069,000000000000000000c5
0.11163542419672012,0001,006,06,0600600010073,0073,000000000000000000c6
0.11163542419672012,0001,006,06,0600600010092,0092,000000000000000000c7
0.11163542419672012,0001,006,06,0600600010105,0105,000000000000000000c8
0.11163542419672012,0001,006,06,060060001011A,011A,000000000000000000c9
0.11163542419672012,0001,006,06,0600600010124,0124,000000000000000000ca
0.11163542419672012,0001,006,06,0600600010088,0088,000000000000000000cb
0.11292502284049988,0001,007,06,0600700010564,0564,000000000000000000cc
0.11299051011173077,0001,007,06,0600700010530,0530,000000000000000000cd
0.1129921619918261,0001,007,06,0600700010545,0545,000000000000000000ce
0.11327389469134694,0001,007,06,0600700010668,0668,000000000000000000cf
0.11292502284049988,0001,007,06,0600700010687,0687,000000000000000000d0
0.11292498681909159,0001,007,06,0600700010691,0691,000000000000000000d1
0.112924967681593,0001,007,06,0600700011011,1011,000000000000000000d2
0.11292502284049988,0001,007,06,0600700011331,1331,000000000000000000d3
0.1129215608719162,0001,007,06,0600700010456,0456,000000000000000000d4
0.11292155832052231,0001,007,06,0600700011717,1717,000000000000000000d5
0.11292201504551183,0001,007,06,0600700010649,0649,000000000000000000d6
0.11292502284049988,0001,007,06,0600700011204,1204,000000000000000000d7
0.11311508141715179,0001,007,06,0600700010808,0808,000000000000000000d8
0.11292502284049988,0001,007,06,0600700011581,1581,000000000000000000d9
0.11326781789966722,0001,007,06,060070001009A,009A,000000000000000000da
0.11292156083364531,0001,007,06,0600700010422,0422,000000000000000000db
0.11325737457919853,0001,007,06,0600700010193,0193,000000000000000000dc
0.11292613184222448,0001,007,06,0600700010333,0333,000000000000000000dd
0.11292502284049988,0001,007,06,0600700010348,0348,000000000000000000de
0.11292169053619902,0001,007,06,0600700010390,0390,000000000000000000df
0.11292155832052231,0001,007,06,0600700010403,0403,000000000000000000e0
0.11327720433473587,0001,007,06,0600700010507,0507,000000000000000000e1
0.11337859162110278,0001,007,06,0600700010511,0511,000000000000000000e2
0.11292336057075401,0001,007,06,0600700010704,0704,000000000000000000e3
0.11338067799806595,0001,007,06,0600700010738,0738,000000000000000000e4
0.1133581842518256,0001,007,06,0600700011492,1492,000000000000000000e5
0.11292335665278971,0001,007,06,060070001087A,087A,000000000000000000e6
0.11292309659906848,0001,007,06,0600700010884,0884,000000000000000000e7
0.11299296029138742,0001,007,06,0600700010899,0899,000000000000000000e8
0.11296654097520051,0001,007,06,0600700010901,0901,000000000000000000e9
0.11338067799806595,0001,007,06,0600700010954,0954,000000000000000000ea
0.11327682037514653,0001,007,06,0600700011774,1774,000000000000000000eb
0.11292502284049988,0001,007,06,0600700011064,1064,000000000000000000ec
0.11292502284049988,0001,007,06,0600700011079,1079,000000000000000000ed
0.11292502284049988,0001,007,06,0600700011098,1098,000000000000000000ee
0.11292502284049988,0001,007,06,0600700011168,1168,000000000000000000ef
0.11336542909180353,0001,007,06,0600700011172,1172,000000000000000000f0
0.11292502284049988,0001,007,06,0600700011191,1191,000000000000000000f1
0.11327720433473587,0001,007,06,0600700011219,1219,000000000000000000f2
0.1133444168896464,0001,007,06,0600700011257,1257,000000000000000000f3
0.11336542909180353,0001,007,06,0600700011261,1261,000000000000000000f4
0.11292502284049988,0001,007,06,0600700011327,1327,000000000000000000f5
0.11322546238191124,0001,007,06,0600700011401,1401,000000000000000000f6
0.11337773232193325,0001,007,06,0600700011473,1473,000000000000000000f7
0.11337115604625994,0001,007,06,0600700011488,1488,000000000000000000f8
0.11325640123874456,0001,007,06,0600700011505,1505,000000000000000000f9
0.11319278022167796,0001,007,06,0600700011524,1524,000000000000000000fa
0.11297915926761326,0001,007,06,0600700011543,1543,000000000000000000fb
0.11292502284049988,0001,007,06,0600700011596,1596,000000000000000000fc
0.11292502284049988,0001,007,06,0600700011628,1628,000000000000000000fd
0.1133714330403845,0001,007,06,0600700011666,1666,000000000000000000fe
0.11325658243395763,0001,007,06,0600700011670,1670,000000000000000000ff
0.11292155832052231,0001,007,06,0600700011702,1702,00000000000000000100
0.11292502284049988,0001,007,06,0600700011083,1083,00000000000000000104
0.11295576668146552,0001,007,06,0600700011308,1308,00000000000000000105
0.11314403050449252,0001,007,06,060070001176A,176A,00000000000000000106
0.11295576668146552,0001,007,06,060070001144A,144A,00000000000000000107
0.11320758195986691,0001,007,06,0600700011806,1806,00000000000000000108
0.11299611407372225,0001,007,06,0600700011577,1577,00000000000000000109
0.11292502284049988,0001,007,06,0600700011365,1365,0000000000000000010a
0.11292502284049988,0001,007,06,060070001137A,137A,0000000000000000010b
0.11314099707227085,0001,007,06,0600700011685,1685,0000000000000000010c
0.11296391012643159,0001,007,06,060070001112A,112A,0000000000000000010d
0.11314956991453005,0001,007,06,0600700011187,1187,0000000000000000010e
0.11297206447775532,0001,007,06,0600700010314,0314,0000000000000000010f
0.11336627625326255,0001,007,06,0600700011115,1115,00000000000000000111
0.11320663906174938,0001,007,06,060070001016A,016A,00000000000000000112
0.1130754523923657,0001,007,06,0600700010174,0174,00000000000000000113
0.11292502284049988,0001,007,06,0600700010352,0352,00000000000000000114
0.11292905902555923,0001,007,06,0600700010329,0329,00000000000000000115
0.11292157088613733,0001,007,06,0600700010418,0418,00000000000000000116
0.11292155832052231,0001,007,06,0600700010460,0460,00000000000000000117
0.11338067799806595,0001,007,06,0600700011736,1736,00000000000000000118
0.11292492366054233,0001,007,06,0600700011007,1007,00000000000000000119
0.11305230042584932,0001,007,06,0600700010615,0615,0000000000000000011a
0.11338067799806595,0001,007,06,0600700010634,0634,0000000000000000011b
0.11327387915859236,0001,007,06,060070001048A,048A,0000000000000000011c
0.11338067799806595,0001,007,06,0600700010526,0526,0000000000000000011d
0.11292502284049988,0001,007,06,0600700011384,1384,0000000000000000011e
0.11292502284049988,0001,007,06,0600700010583,0583,0000000000000000011f
0.11292499856344056,0001,007,06,0600700010672,0672,00000000000000000120
0.11301060109061765,0001,007,06,0600700010988,0988,00000000000000000121
0.11338067799806595,0001,007,06,0600700010742,0742,00000000000000000122
0.11292502284049988,0001,007,06,0600700011454,1454,00000000000000000123
0.11327720433473587,0001,007,06,0600700010795,0795,00000000000000000124
0.11292396105054353,0001,007,06,0600700011026,1026,00000000000000000125
0.11292413971978112,0001,007,06,0600700011030,1030,00000000000000000126
0.11292502284049988,0001,007,06,0600700011045,1045,00000000000000000127
0.11292502284049988,0001,007,06,060070001105A,105A,00000000000000000128
0.11338067799806595,0001,007,06,0600700011100,1100,00000000000000000129
0.11292502284049988,0001,007,06,060070001183A,183A,0000000000000000012a
0.11307331523235221,0001,007,06,0600700011295,1295,0000000000000000012b
0.11295256476401404,0001,007,06,0600700011609,1609,0000000000000000012c
0.11327898346356989,0001,007,06,0600700011825,1825,0000000000000000012d
0.11295576668146552,0001,007,06,0600700010973,0973,0000000000000000012e
0.11292502284049988,0001,007,06,0600700011346,1346,00000000000000000130
0.11292502284049988,0001,007,06,0600700010969,0969,00000000000000000131
0.11292502284049988,0001,007,06,0600700011350,1350,00000000000000000132
0.11314240097999573,0001,007,06,0600700011755,1755,00000000000000000133
0.11320758195986691,0001,007,06,0600700011810,1810,00000000000000000134
0.11292502284049988,0001,007,06,0600700011149,1149,00000000000000000135
0.1133174041824388,0001,007,06,060070001151A,151A,00000000000000000136
0.11305969840025236,0001,007,06,0600700011793,1793,00000000000000000137
0.11323101602711508,0001,007,06,0600700011721,1721,00000000000000000138
0.11292695776755367,0001,007,06,0600700011469,1469,00000000000000000139
0.11292502284049988,0001,007,06,0600700011844,1844,0000000000000000013a
0.11292155832052231,0001,007,06,0600700010475,0475,0000000000000000013c
0.11312439762531501,0001,007,06,0600700010140,0140,0000000000000000013d
0.11324667761764133,0001,007,06,0600700010653,0653,0000000000000000013e
0.11310681709055853,0001,007,06,0600700011740,1740,0000000000000000013f
0.11331056793147332,0001,007,06,0600700011558,1558,00000000000000000140
0.11314099707227085,0001,007,06,0600700011647,1647,00000000000000000141
0.11314099707227085,0001,007,06,0600700011562,1562,00000000000000000142
0.11292502284049988,0001,007,06,0600700010761,0761,00000000000000000143
0.11292502284049988,0001,007,06,0600700011878,1878,00000000000000000144
0.11292968931481169,0001,007,06,0600700011613,1613,00000000000000000145
0.11293182338659036,0001,007,06,0600700011632,1632,00000000000000000146
0.11297337325743043,0001,007,06,0600700010189,0189,00000000000000000147
0.11293569892903009,0001,007,06,0600700010437,0437,00000000000000000148
0.11301258456103655,0001,007,06,0600700010992,0992,00000000000000000149
0.11292502284049988,0001,007,06,060070001169A,169A,0000000000000000014a
0.1130616928735927,0001,007,06,0600700011223,1223,0000000000000000014b
0.11314544392656924,0001,007,06,060070001190A,190A,0000000000000000014c
0.11292502284049988,0001,007,06,0600700011882,1882,0000000000000000014d
0.1132713460824423,0001,007,06,0600700011897,1897,0000000000000000014e
0.11338067799806595,0001,007,06,0600700010831,0831,0000000000000000014f
0.11338067799806595,0001,007,06,0600700011242,1242,00000000000000000150
0.11338067799806595,0001,007,06,0600700011651,1651,00000000000000000151
0.11330305597053217,0001,007,06,0600700011789,1789,00000000000000000152
0.11314311696742478,0001,007,06,0600700011863,1863,00000000000000000153
0.11293788029227896,0001,007,06,0600700011539,1539,00000000000000000158
0.1131550166535192,0001,007,06,0600700011859,1859,00000000000000000159
0.11292502284049988,0001,007,06,0600700010085,0085,0000000000000000015a
0.11292155832052231,0021,007,06,0600700210827,0827,00000000000000000101
0.11292155832052231,0021,007,06,0600700210916,0916,00000000000000000102
0.11292155832052231,0021,007,06,0600700210920,0920,00000000000000000103
0.11292155832052231,0021,007,06,060070021094A,094A,00000000000000000110
0.11292155832052231,0021,007,06,0600700210935,0935,0000000000000000012f
0.11292155832052231,0021,007,06,0600700210812,0812,0000000000000000013b
0.11292502284049988,0044,007,06,0600700440013,0013,00000000000000000154
0.11292502284049988,0044,007,06,0600700440028,0028,00000000000000000155
0.11292502284049988,0044,007,06,0600700440047,0047,00000000000000000156
0.11292502284049988,0044,007,06,0600700440066,0066,00000000000000000157
0.11220893713030665,0001,008,06,0600800010078,0078,0000000000000000015b
0.1121423809139504,0001,008,06,060080001010A,010A,0000000000000000015c
0.11213809608187462,0001,008,06,0600800010133,0133,0000000000000000015d
0.11208738904291782,0001,008,06,0600800010129,0129,0000000000000000015e
0.11204139143228531,0001,008,06,0600800010114,0114,0000000000000000015f
0.11229913980321171,0001,008,06,0600800010097,0097,00000000000000000160
0.11340636014938354,0001,009,06,060090001086A,086A,00000000000000000161
0.11340636014938354,0001,009,06,060090001104A,104A,00000000000000000162
,0001,009,06,0600900011073,1073,00000000000000000165
0.11340636014938354,0001,009,06,060090001022A,022A,00000000000000000167
0.11340636014938354,0001,009,06,0600900010357,0357,00000000000000000168
0.11340636014938354,0001,009,06,0600900010465,0465,00000000000000000169
0.11340636014938354,0001,009,06,060090001054A,054A,0000000000000000016a
0.11340636014938354,0001,009,06,0600900011105,1105,0000000000000000016b
0.11340636014938354,0001,009,06,060090001111A,111A,00000000000000000175
0.11340636014938354,0001,009,06,0600900010200,0200,00000000000000000176
0.11340636014938354,0001,009,06,0600900010272,0272,00000000000000000177
0.11340636014938354,0001,009,06,0600900010446,0446,00000000000000000178
0.11340636014938354,0001,009,06,0600900010516,0516,00000000000000000179
0.11340636014938354,0001,009,06,0600900010535,0535,0000000000000000017a
0.11340636014938354,0001,009,06,0600900010569,0569,0000000000000000017b
0.11340636014938354,0001,009,06,0600900010592,0592,0000000000000000017c
0.11340636014938354,0001,009,06,0600900010696,0696,0000000000000000017d
0.11340636014938354,0001,009,06,0600900010732,0732,0000000000000000017e
0.11340636014938354,0001,009,06,0600900010766,0766,0000000000000000017f
0.11340636014938354,0001,009,06,0600900010770,0770,00000000000000000180
0.11340636014938354,0001,009,06,0600900010802,0802,00000000000000000181
0.11340636014938354,0001,009,06,0600900010817,0817,00000000000000000182
0.11340636014938354,0001,009,06,0600900010889,0889,00000000000000000183
0.11340636014938354,0001,009,06,0600900010893,0893,00000000000000000184
0.11340636014938354,0001,009,06,0600900010906,0906,00000000000000000185
0.11340636014938354,0001,009,06,0600900010925,0925,00000000000000000186
0.11340636014938354,0001,009,06,060090001093A,093A,00000000000000000187
0.11340636014938354,0001,009,06,0600900010944,0944,00000000000000000188
0.11340636014938354,0001,009,06,0600900010959,0959,00000000000000000189
0.11340636014938354,0001,009,06,0600900010982,0982,0000000000000000018a
0.11340636014938354,0001,009,06,0600900010997,0997,0000000000000000018b
0.11340636014938354,0001,009,06,0600900011016,1016,0000000000000000018c
0.11340636014938354,0001,009,06,0600900010785,0785,0000000000000000018d
0.11340636014938354,0001,009,06,0600900010747,0747,0000000000000000018e
0.11340636014938354,0001,009,06,0600900010499,0499,0000000000000000018f
0.11340636014938354,0001,009,06,0600900010821,0821,00000000000000000190
0.11340636014938354,0001,009,06,0600900010874,0874,00000000000000000192
,0001,009,06,0600900011069,1069,00000000000000000193
0.11340636014938354,0001,009,06,0600900011124,1124,00000000000000000194
0.11340636014938354,0001,009,06,0600900010484,0484,00000000000000000195
0.11340636014938354,0001,009,06,0600900010450,0450,00000000000000000196
0.11340636014938354,0001,009,06,0600900010501,0501,00000000000000000197
0.11340636014938354,0001,009,06,060090001079A,079A,00000000000000000198
0.11340636014938354,0001,009,06,0600900011035,1035,00000000000000000199
0.11340636014938354,0001,009,06,0600900011139,1139,0000000000000000019a
0.11340636014938354,0001,009,06,0600900010520,0520,0000000000000000019c
0.11340636014938354,0001,009,06,0600900010978,0978,0000000000000000019d
0.11340636014938354,0001,009,06,0600900010709,0709,0000000000000000019e
0.11340636014938354,0001,009,06,0600900010323,0323,0000000000000000019f
0.11340636014938354,0001,009,06,0600900010573,0573,000000000000000001a0
0.11340636014938354,0001,009,06,0600900010234,0234,000000000000000001a1
0.11340636014938354,0001,009,06,060090001047A,047A,000000000000000001a2
0.11340636014938354,0001,009,06,0600900011001,1001,000000000000000001a3
0.113321576655953,0001,009,06,0600900010639,0639,000000000000000001a4
0.11340636014938354,0001,009,06,0600900010836,0836,000000000000000001a9
0.11340636014938354,0001,009,06,0600900010910,0910,000000000000000001aa
0.11337141424738403,0001,009,06,0600900010554,0554,000000000000000001ab
0.1133010970290198,0001,009,06,0600900010855,0855,000000000000000001ac
0.11340636014938354,0001,009,06,0600900011054,1054,000000000000000001ad
0.11340636014938354,0001,009,06,0600900010361,0361,000000000000000001ae
0.11340636014938354,0001,009,06,0600900010963,0963,000000000000000001af
0.11339647740177398,0001,009,06,0600900011020,1020,000000000000000001b0
0.11340636014938354,0001,009,06,0600900011092,1092,000000000000000001b1
0.11340636014938354,0001,009,06,0600900010164,0164,000000000000000001b2
0.11302094693930945,0011,009,06,0600900110728,0728,00000000000000000166
0.11276564204076306,0011,009,06,0600900110380,0380,0000000000000000016c
0.1134336002101594,0011,009,06,0600900110395,0395,0000000000000000016d
0.11343206135231616,0011,009,06,0600900110408,0408,0000000000000000016e
0.11259867213640778,0011,009,06,0600900110427,0427,0000000000000000016f
0.11276879897788218,0011,009,06,0600900111158,1158,00000000000000000170
0.1114189006078604,0025,009,06,0600900250287,0287,00000000000000000163
0.11162246051965252,0025,009,06,0600900250291,0291,00000000000000000164
0.11172165956523794,0025,009,06,0600900250304,0304,00000000000000000171
0.11174344271421432,0025,009,06,0600900250658,0658,00000000000000000172
0.11138654524025698,0025,009,06,0600900250840,0840,00000000000000000191
0.11174344271421432,0025,009,06,0600900251088,1088,0000000000000000019b
0.11174344271421432,0025,009,06,0600900251143,1143,000000000000000001a8
0.11193312635803428,0080,009,06,0600900800431,0431,00000000000000000173
0.11193310469388962,0080,009,06,0600900800605,0605,00000000000000000174
0.11193310469388962,0080,009,06,060090080061A,061A,000000000000000001a5
0.11193310469388962,0080,009,06,0600900800624,0624,000000000000000001a6
0.11193310469388962,0080,009,06,0600900800713,0713,000000000000000001a7
0.11160272359848022,0001,010,06,0601000010841,0841,000000000000000001b3
0.11116781830787659,0001,010,06,0601000010536,0536,000000000000000001b4
0.11116781830787659,0001,010,06,0601000010150,0150,000000000000000001b5
0.11116781830787659,0001,010,06,060100001017A,017A,000000000000000001b6
0.11160272359848022,0001,010,06,0601000010790,0790,000000000000000001b7
0.11116781830787659,0001,010,06,0601000010466,0466,000000000000000001b8
0.11116977483553367,0001,010,06,0601000010339,0339,000000000000000001b9
0.11128571555474502,0001,010,06,0601000010485,0485,000000000000000001ba
0.11136646684517762,0001,010,06,0601000010729,0729,000000000000000001bb
0.11116781830787659,0001,010,06,0601000010930,0930,000000000000000001bc
0.1115673245979261,0001,010,06,0601000010907,0907,000000000000000001bd
0.11136621958088186,0001,010,06,0601000011106,1106,000000000000000001be
0.11116781830787659,0001,010,06,0601000011318,1318,000000000000000001bf
0.11134393377586772,0001,010,06,0601000010470,0470,000000000000000001c0
0.11116781830787659,0001,010,06,0601000010131,0131,000000000000000001c1
0.11116781830787659,0001,010,06,0601000010714,0714,000000000000000001c2
0.11117646434449438,0001,010,06,0601000010428,0428,000000000000000001c3
0.11154439878022773,0001,010,06,0601000011002,1002,000000000000000001c4
0.11153494057635377,0001,010,06,0601000011290,1290,000000000000000001c5
0.11116781830787659,0001,010,06,0601000010095,0095,000000000000000001c6
0.11116781830787659,0001,010,06,0601000010432,0432,000000000000000001c7
0.11116781830787659,0001,010,06,0601000010108,0108,000000000000000001c8
0.11116781830787659,0001,010,06,0601000010146,0146,000000000000000001c9
0.11119375641773001,0001,010,06,0601000010894,0894,000000000000000001ca
0.11116781830787659,0001,010,06,0601000010165,0165,000000000000000001cb
0.11116781830787659,0001,010,06,0601000010184,0184,000000000000000001cc
0.11116781830787659,0001,010,06,0601000010199,0199,000000000000000001cd
0.11116781830787659,0001,010,06,0601000010201,0201,000000000000000001ce
0.11116781830787659,0001,010,06,060100001024A,024A,000000000000000001cf
0.11217518854432909,0001,010,06,0601000011303,1303,000000000000000001d0
0.11116781830787659,0001,010,06,0601000010343,0343,000000000000000001d1
0.11116781830787659,0001,010,06,0601000010358,0358,000000000000000001d2
0.11116781830787659,0001,010,06,0601000010362,0362,000000000000000001d3
0.11116781830787659,0001,010,06,060100001049A,049A,000000000000000001d4
0.11156726637638766,0001,010,06,0601000010502,0502,000000000000000001d5
0.11116781830787659,0001,010,06,0601000010555,0555,000000000000000001d6
0.11116781830787659,0001,010,06,060100001056A,056A,000000000000000001d7
0.11116781830787659,0001,010,06,0601000010574,0574,000000000000000001d8
0.11116781830787659,0001,010,06,0601000010606,0606,000000000000000001d9
0.11116781830787659,0001,010,06,0601000010610,0610,000000000000000001da
0.11116842306033028,0001,010,06,0601000010625,0625,000000000000000001db
0.11117080847278646,0001,010,06,0601000010644,0644,000000000000000001dc
0.11117717644498772,0001,010,06,0601000010659,0659,000000000000000001dd
0.11116781830787659,0001,010,06,0601000010663,0663,000000000000000001de
0.11116781830787659,0001,010,06,0601000010678,0678,000000000000000001df
0.11140389470469954,0001,010,06,0601000010682,0682,000000000000000001e0
0.11116781830787659,0001,010,06,0601000010697,0697,000000000000000001e1
0.11117542085731638,0001,010,06,0601000010748,0748,000000000000000001e2
0.11139931825289585,0001,010,06,0601000010767,0767,000000000000000001e3
0.11160272359848022,0001,010,06,0601000010786,0786,000000000000000001e4
0.11143761990424568,0001,010,06,0601000010822,0822,000000000000000001e5
0.11116781830787659,0001,010,06,060100001088A,088A,000000000000000001e6
0.11116781830787659,0001,010,06,0601000010911,0911,000000000000000001e7
0.11117390110161232,0001,010,06,0601000010945,0945,000000000000000001e8
0.11116781830787659,0001,010,06,060100001095A,095A,000000000000000001e9
0.11116891673580268,0001,010,06,0601000010964,0964,000000000000000001ea
0.11132273311517675,0001,010,06,0601000011233,1233,000000000000000001eb
0.11127380135609098,0001,010,06,0601000011248,1248,000000000000000001ec
0.11130899716926568,0001,010,06,0601000011271,1271,000000000000000001ed
0.11116781830787659,0001,010,06,060100001031A,031A,000000000000000001ee
0.11130899716926568,0001,010,06,0601000011040,1040,000000000000000001ef
0.11116931339033152,0001,010,06,0601000010837,0837,000000000000000001f0
0.11133159150997447,0001,010,06,0601000011267,1267,000000000000000001f1
0.11116781830787659,0001,010,06,0601000011322,1322,000000000000000001f2
0.11130899716926568,0001,010,06,0601000011197,1197,000000000000000001f3
0.11117718484754589,0001,010,06,0601000010447,0447,000000000000000001f4
0.11116781830787659,0001,010,06,0601000010983,0983,000000000000000001f5
0.11116781830787659,0001,010,06,0601000010998,0998,000000000000000001f6
0.11116781830787659,0001,010,06,0601000011021,1021,000000000000000001f7
0.11131878805023951,0001,010,06,0601000011036,1036,000000000000000001f8
0.11143761990424568,0001,010,06,0601000011110,1110,000000000000000001f9
0.11125695240966467,0001,010,06,0601000011125,1125,000000000000000001fa
0.11121698830175764,0001,010,06,0601000010979,0979,000000000000000001fb
0.11130899716926568,0001,010,06,0601000011055,1055,000000000000000001fc
0.11116781830787659,0001,010,06,0601000011356,1356,000000000000000001fd
0.11116947951060431,0001,010,06,0601000010451,0451,000000000000000001fe
0.11130899716926568,0001,010,06,060100001106A,106A,000000000000000001ff
0.1113469993409643,0001,010,06,0601000011074,1074,00000000000000000200
0.11116781830787659,0001,010,06,0601000010112,0112,00000000000000000201
0.11116781830787659,0001,010,06,0601000010127,0127,00000000000000000202
0.11120446151413428,0001,010,06,0601000010589,0589,00000000000000000203
0.11160217510090817,0001,010,06,0601000010771,0771,00000000000000000204
0.11132138175745607,0001,010,06,0601000011252,1252,00000000000000000205
0.11116781830787659,0001,010,06,0601000010288,0288,00000000000000000206
0.11117080847278646,0001,010,06,0601000010860,0860,00000000000000000207
0.11143761990424568,0001,010,06,0601000010818,0818,00000000000000000208
0.11143761990424568,0001,010,06,0601000011286,1286,00000000000000000209
0.11117080847278646,0001,010,06,060100001070A,070A,0000000000000000020a
0.11116789960837005,0001,010,06,0601000010305,0305,0000000000000000020b
0.11116955804018779,0001,010,06,0601000010413,0413,0000000000000000020c
0.11117080847278646,0001,010,06,0601000010856,0856,0000000000000000020d
0.11154647811203487,0001,010,06,0601000011159,1159,0000000000000000020e
0.11143761990424568,0001,010,06,060100001120A,120A,0000000000000000020f
0.11116947393190978,0001,010,06,0601000010733,0733,00000000000000000210
0.11124656541552135,0001,010,06,0601000010521,0521,00000000000000000211
0.11116781830787659,0001,010,06,0601000010254,0254,00000000000000000212
0.1113250750111382,0001,010,06,0601000011089,1089,00000000000000000213
0.11134428837664903,0001,010,06,0601000010517,0517,00000000000000000214
0.11214302041492712,0001,010,06,0601000011229,1229,00000000000000000215
0.111583747007156,0001,010,06,0601000010752,0752,00000000000000000216
0.11139430117433398,0001,010,06,0601000010926,0926,00000000000000000217
0.1113105580722101,0001,010,06,0601000011337,1337,00000000000000000218
0.11116781830787659,0001,010,06,0601000011182,1182,00000000000000000219
0.11160272359848022,0001,010,06,0601000010019,0019,0000000000000000021a
0.11143761990424568,0001,010,06,060100001138A,138A,0000000000000000021b
0.11116781830787659,0001,010,06,0601000010875,0875,0000000000000000021c
0.11160272359848022,0001,010,06,0601000011093,1093,0000000000000000021d
0.11158583191966774,0001,010,06,0601000011214,1214,0000000000000000021e
0.11133938266194304,0001,010,06,0601000011341,1341,0000000000000000021f
0.11160272359848022,0001,010,06,0601000011360,1360,00000000000000000220
0.11117370076043447,0001,010,06,0601000011163,1163,00000000000000000221
0.11116781830787659,0001,010,06,0601000011017,1017,00000000000000000222
0.11127119569100578,0001,010,06,0601000011178,1178,00000000000000000223
0.11130593513716824,0001,010,06,0601000011144,1144,00000000000000000224
0.11127743954142576,0001,010,06,060100001113A,113A,00000000000000000225
0.11143543985789008,0001,010,06,0601000011375,1375,00000000000000000226
